"Model_Name","Model_Role","Formula","N_Fixed_Terms","N_Splits","Test_Periods","Mean_Train_AUC_FixedOnly","Median_Train_AUC_FixedOnly","Min_Train_AUC_FixedOnly","SD_Train_AUC_FixedOnly","Mean_Train_AUC_ConditionalRE","Median_Train_AUC_ConditionalRE","Mean_Test_AUC_FixedOnly","Median_Test_AUC_FixedOnly","Min_Test_AUC_FixedOnly","SD_Test_AUC_FixedOnly","Mean_Train_minus_Test_AUC_FixedOnly","Median_Train_minus_Test_AUC_FixedOnly","Mean_AIC"
"1_Final_Rolling_Best_dN_HA_x_PB1_plus_PB2_NA","Selected representative dN model","dom_binary ~ HA * PB1 + PB2 + NA_seg + (1 | vaccine_code)",5,4,"HK19,Cam20,Dar21,TH22",0.756395669720523,0.766685228696742,0.699084265210883,0.0405303433293371,0.816720548435048,0.816944049610687,0.828025722915429,0.858249158249158,0.6675,0.119416586967425,-0.0716300531949058,-0.122152749327927,672.99071153004
"3_Control1_All_dN_PB2_to_NS","Control 1: all dN segments","dom_binary ~ PB2 + PB1 + PA + HA + NP + NA_seg + M + NS + (1 | vaccine_code)",8,4,"HK19,Cam20,Dar21,TH22",0.751026895732885,0.757398613721805,0.705225851897508,0.0330364229512577,0.829114838124673,0.829971525847285,0.724868043176867,0.737690631808279,0.515,0.162879176973685,0.0261588525560182,-0.00693484871666761,664.074298289781
"2_HA_dN_Only","HA dN only baseline","dom_binary ~ HA + (1 | vaccine_code)",1,4,"HK19,Cam20,Dar21,TH22",0.74281415716683,0.754440828634085,0.689343576648763,0.0368526744246806,0.810091616575145,0.810865941709959,0.716445521390374,0.746319444444444,0.464052287581699,0.218518943046414,0.0263686357764555,0.00930988098763319,678.943736441472
"4_Control2_All_dN_All_dS_PB2_to_NS","Control 2: all dN + all dS segments","dom_binary ~ PB2 + PB1 + PA + HA + NP + NA_seg + M + NS + PB2_syn + PB1_syn + PA_syn + HA_syn + NP_syn + NA_syn + M_syn + NS_syn + (1 | vaccine_code)",16,4,"HK19,Cam20,Dar21,TH22",0.772436095788117,0.776556116854637,0.710442898652813,0.0474927378042946,0.850065113232285,0.855040542362081,0.668796420083185,0.667361111111111,0.431372549019608,0.232436072710415,0.103639675704933,0.100954963610487,641.349575481341
